Sample,DO,Cond,ph,Temp,Turb
1,10.46,486,8.23,23.59,11.4
2,10.77,484,8.23,23.88,10.6
3,11,483,8.24,24.12,10.6
4,10.66,482,8.24,24.25,10.6
5,10.75,482,8.24,24.36,10.3
6,11.05,482,8.32,24.44,10.7
7,10.9,481,8.3,24.41,10.1
8,10.64,481,8.24,24.29,9.8
9,10.36,482,8.6,24.18,11.6
10,10.06,482,8.4,24.01,10.7
11,9.66,483,8.24,23.8,10.8
12,9.39,483,8.19,23.64,10
13,9.12,483,8.09,23.5,9.9
14,8.91,484,8.07,23.37,9.4
15,8.71,484,8.06,23.26,8.9
16,8.58,484,8.06,23.16,8.7
17,8.47,484,8.03,23.07,8.4
18,8.39,484,8.03,23.01,8.5
19,8.28,484,8.02,22.96,8.1
20,8.21,484,8.01,22.91,8
21,8.16,484,8.02,22.88,7.9
22,8.15,484,8.01,22.86,8
23,8.19,485,8.01,22.82,8.1
24,8.08,485,8.01,22.81,8.1
25,8.06,485,8.01,22.79,7.7
26,8.05,485,8,22.78,7.9
27,8.02,485,8,22.78,7.9
28,8.05,486,8,22.76,7.9
29,7.97,486,8,22.76,8.1
30,7.93,486,8,22.75,8.3
31,7.9,486,8,22.74,8
32,7.85,487,8,22.71,8.3
33,7.85,487,7.99,22.68,8.5
34,7.75,487,7.99,22.65,9
35,7.7,488,7.99,22.62,9.5
36,7.66,488,7.98,22.6,9.7
37,7.66,488,7.98,22.58,9.7
38,7.69,488,7.98,22.56,10.1
39,7.72,489,7.99,22.58,10.3
40,7.87,489,8,22.67,10.7
41,8.09,489,8.02,22.76,10.6
42,8.22,489,8.03,22.86,10.5
43,8.47,489,8.05,23.02,10.8
44,8.79,489,8.07,23.08,10.5
45,8.99,489,8.09,23.15,11.1
46,9.22,489,8.11,23.23,10.8
47,9.49,489,8.13,23.37,11.1
48,9.8,489,8.15,23.52,10.6
49,10.22,488,8.17,23.79,10.8
50,10.43,489,8.19,23.96,11.2
51,10.66,489,8.21,24.1,11.1
52,10.78,489,8.21,24.21,10.8
53,10.85,489,8.22,24.29,11.4
54,10.81,489,8.22,24.36,11.2
55,10.6,489,8.21,24.36,11.1
56,10.48,490,8.2,24.35,11.5
57,10.45,490,8.19,24.29,11
58,10.23,490,8.18,24.2,11.4
59,9.92,491,8.15,24.07,11.3
60,9.65,491,8.13,23.98,10.8
61,9.38,492,8.1,23.86,10.2
62,9.1,492,8.09,23.77,10.1
63,8.85,493,8.08,23.67,9.4
64,8.69,493,8.11,23.6,9.1
65,8.5,493,8.24,23.51,9
66,8.33,493,9.54,23.42,8.3
67,8.17,494,8.11,23.35,8.4
68,8.07,494,8.12,23.29,8.3
69,7.97,493,8.05,23.21,7.9
70,7.9,494,8.08,23.14,8.1
71,7.84,494,7.96,23.08,7.9
72,7.8,493,7.95,23.02,8.4
73,7.76,493,7.95,22.97,7.6
74,7.75,494,7.96,22.94,7.9
75,7.73,493,7.96,22.9,7.9
76,7.72,493,7.94,22.85,7.9
77,7.72,493,7.94,22.82,8.4
78,7.65,493,7.94,22.78,8.2
79,7.66,493,7.94,22.74,8.1
80,7.65,493,7.94,22.71,8.3
81,7.63,493,7.95,22.69,15
82,7.61,493,7.95,22.66,9.8
83,7.49,493,7.96,22.63,10.1
84,7.47,493,8,22.61,11.1
85,7.55,493,7.97,22.6,10.9
86,7.59,493,8.19,22.62,10.8
87,7.66,493,8.08,22.67,10.8
88,7.6,493,8.19,22.77,10.8
89,7.71,493,10.57,22.93,10.6
90,8.2,493,11.44,23.11,11.8
91,8.52,493,8.05,23.4,11.9
92,8.8,493,8.07,23.65,12.3
93,8.73,492,8.09,23.75,12.2
94,8.93,492,8.11,23.9,11.6
95,9.69,492,8.13,24.16,12.8
96,10.03,492,8.15,24.44,12.5
97,10.41,492,8.17,24.62,11.9
98,10.74,491,8.2,25,11.1
99,11.13,491,8.23,25.32,11.7
100,11.47,491,10.22,25.69,11.4
101,11.48,491,8.42,26.03,11.2
102,11.65,491,8.47,26.33,11
103,11.82,491,10.47,26.43,10.6
104,11.53,492,11.33,26.31,10.6
105,11.1,492,8.22,26.1,10.7
106,10.44,494,8.38,25.75,11.3
107,9.85,494,8.41,25.39,11.1
108,9.26,496,12.45,25.02,11.4
109,8.76,497,11.95,24.78,9.7
110,8.42,497,10.42,24.62,10.1
111,8.25,497,12.2,24.49,9.4
112,8.08,498,8,24.38,8.6
113,7.97,498,8,24.32,8.4
114,7.62,499,8.54,24.21,8.3
115,7.49,499,7.99,24.14,7.7
116,7.68,499,7.98,24.04,7.8
117,7.63,499,7.98,23.96,7.8
118,7.57,500,7.98,23.87,8.4
119,7.49,500,7.98,23.81,8
120,7.49,500,7.98,23.73,8.1
121,7.48,500,8.66,23.67,7.8
122,7.41,500,8.92,23.64,8.3
123,7.39,500,11.47,23.58,9
124,7.39,500,8.56,23.54,8.9
125,7.4,500,8.17,23.49,8.8
126,7.37,501,8.04,23.46,9.1
127,7.13,506,8.93,23.42,9.2
128,7.02,506,11.05,23.39,9.3
129,7.32,506,11.83,23.36,9.5
130,7.3,506,8.58,23.34,10.3
131,7.27,505,12.84,23.3,11.4
132,6.75,504,12.11,23.28,11.6
133,6.6,507,8.5,23.27,10.4
134,7.25,505,8.41,23.31,10.8
135,7.36,507,12.39,23.36,10.6
136,7.48,507,12.49,23.45,11.2
137,7.23,507,9.19,23.56,10.8
138,7.35,506,10.64,23.72,11.1
139,8.15,506,14,23.96,11.2
140,8.46,507,12.24,24.16,11.9
141,8.72,506,8.6,24.31,12.6
142,8.99,506,10.68,24.59,12.3
143,9.43,507,8.12,24.88,11.7
144,9.79,506,8.15,25.02,11.8
145,10.24,506,8.16,25.31,12.4
146,10.59,505,8.18,25.59,11.6
147,10.93,505,8.2,25.81,10.9
148,11.05,506,8.21,25.96,11.9
149,10.99,506,8.2,26.02,11.4
150,9.99,508,8.19,25.97,11.1
151,9.59,507,8.11,25.7,11.3
152,9.49,505,8.1,25.49,10.6
153,9.3,505,8.15,25.33,11.5
154,8.95,505,8.11,25.16,10.6
155,8.7,506,8.2,25.04,10.1
156,8.38,506,8.24,24.89,9.2
157,8.17,507,8.14,24.79,8.9
158,7.98,507,9,24.71,8.4
159,7.76,506,8.15,24.59,7.8
160,7.68,501,10.12,24.45,7.9
161,7.73,497,8.69,24.33,8.7
162,7.7,494,9.36,24.24,8.3
163,7.69,491,10.28,24.17,7.7
164,7.2,489,8.64,24.11,8.6
165,6.89,488,8.86,24.07,8.1
166,7.58,485,8.69,24.03,8.4
167,7.56,483,14,24.01,8.3
168,7.54,481,14,23.99,9.6
169,6.91,478,14,23.94,9.2
170,6.69,476,14,23.89,9.3
171,7.44,475,14,23.86,9.2
172,7.48,454,8.23,22.72,41.3
173,7.44,459,14,22.43,46.8
174,6.71,462,14,22.77,20.8
175,6.7,436,7.91,22.43,58.8
176,7.23,457,7.98,22.97,27.4
177,7.16,473,8.03,23.59,15.6
178,7.08,475,8.13,23.66,11.6
179,6.53,476,8.09,23.65,12.2
180,6.47,477,8.05,23.62,12
181,7,476,8.19,23.55,11.9
182,6.94,475,8,23.48,12
183,6.9,474,8,23.4,12.5
184,6.41,474,8.01,23.36,13.1
185,6.47,474,7.94,23.33,13
186,6.97,474,8.05,23.31,12.6
187,7.1,473,7.99,23.3,13.4
188,7.25,473,8.03,23.37,12.9
189,7.16,473,8.05,23.36,13.7
190,7.49,473,8.02,23.49,14.5
191,7.85,471,8,23.71,14.2
192,7.96,469,7.96,23.82,15.5
193,8.13,466,7.96,24.06,16.4
194,7.9,458,7.97,24.06,20.3
195,7.7,449,7.91,23.87,25
196,7.59,434,7.91,23.68,29
197,7.61,424,7.88,23.59,33.3
198,7.65,426,7.92,23.51,34.7
199,7.63,436,7.93,23.48,35.3
200,7.68,450,7.86,23.48,32.8
201,7.65,462,7.93,23.47,31.6
202,7.57,467,7.89,23.42,29.9
203,7.47,467,7.89,23.34,29.1
204,7.32,465,7.88,23.25,28.5
205,7.24,464,7.88,23.15,26.7
206,7.27,465,7.93,23.04,26
207,7.27,467,7.91,22.93,25.3
208,7.25,469,7.86,22.82,24.1
209,7.07,471,7.86,22.71,23.4
210,6.96,469,8.29,22.6,23.2
211,7.17,467,7.99,22.5,22.8
212,7.14,462,7.8,22.4,22.8
213,7.11,456,7.82,22.3,22.4
214,6.74,451,7.91,22.21,21.7
215,6.9,446,7.79,22.12,21.5
216,6.99,443,7.76,22.03,21.9
217,6.96,440,7.75,21.95,21.2
218,6.91,436,7.77,21.88,21.9
219,6.83,432,7.79,21.8,21.2
220,6.8,426,7.74,21.73,21.5
221,6.76,418,9.14,21.66,20.9
222,6.72,409,8.13,21.59,20.3
223,6.67,399,8.05,21.51,20.7
224,6.65,389,7.86,21.43,20.5
225,6.62,378,7.8,21.35,20.5
226,6.36,367,9.32,21.27,20.6
227,6.21,357,9.57,21.19,20.9
228,6.63,350,10.05,21.13,20.5
229,6.68,343,12.76,21.08,20.3
230,6.73,338,14,21.05,19.5
231,6.67,335,10.87,21.04,19.7
232,6.82,333,11.82,21.05,18.3
233,7.07,331,14,21.12,19.1
234,7.26,331,7.72,21.21,17.6
235,7.46,331,8.07,21.32,17.3
236,7.63,331,14,21.42,17.5
237,7.83,332,14,21.58,17.5
238,7.74,334,13.32,21.69,17.4
239,7.72,335,8.66,21.8,17.3
240,8.22,336,11.2,21.95,17.3
241,8.33,338,13.38,22.01,17
242,8.39,339,12.83,22.09,16.7
243,8.11,340,9.3,22.1,15.4
244,8.1,341,14,22.09,15.9
245,8.36,341,14,22.09,16.1
246,8.31,342,10.13,22.05,15.1
247,8.29,342,14,22.07,15.5
248,8.24,343,14,22.05,14.8
249,8.22,343,14,22.05,14.7
250,8.18,344,14,22.04,14.3
251,8.15,343,14,22,13.6
252,8.12,344,14,21.94,12.5
253,8.08,344,14,21.86,11.3
254,8.01,344,7.88,21.77,10.9
255,7.62,344,7.83,21.67,10.3
256,7.43,345,7.81,21.56,10.1
257,7.85,345,7.8,21.46,9.8
258,7.82,345,7.79,21.36,10.1
259,7.77,345,7.78,21.25,10.3
260,7.68,345,7.78,21.14,9.7
261,7.63,345,7.77,21.04,10
262,7.65,346,7.77,20.93,10
263,7.63,346,7.76,20.82,10.2
264,7.6,346,7.76,20.72,10.5
265,7.59,346,7.76,20.62,10.6
266,7.58,347,7.76,20.51,10.8
267,7.23,347,7.76,20.41,11
268,7,347,7.76,20.31,10.8
269,7.52,348,7.75,20.21,10.8
270,7.54,349,7.75,20.1,10.9
271,7.52,349,7.75,19.99,11.5
272,7.53,350,7.75,19.88,11.2
273,7.53,351,7.76,19.77,12.1
274,7.38,352,7.76,19.67,12.5
275,7.36,353,7.76,19.57,13.1
276,7.58,354,7.76,19.5,13.1
277,7.63,355,7.76,19.47,13.2
278,7.68,356,7.77,19.46,13.6
279,7.66,357,7.78,19.47,13.1
280,7.7,359,7.79,19.51,12.5
281,7.99,360,7.8,19.61,12.6
282,8.21,362,7.81,19.82,12.6
283,8.39,363,7.83,19.97,13.1
284,8.65,364,7.85,20.3,13.3
285,8.85,366,7.86,20.54,13.7
286,8.6,368,7.87,20.75,13.4
287,8.51,369,7.88,20.96,14.7
288,9.19,371,7.89,21.16,14.1
289,9.23,373,7.89,21.28,14.1
290,9.25,374,7.9,21.39,14.4
291,9,376,7.9,21.44,15.6
292,8.8,378,7.89,21.44,14.8
293,9.08,379,7.89,21.39,14.2
294,8.98,381,7.87,21.33,15.6
295,8.89,383,7.87,21.3,14.7
296,8.85,385,7.86,21.32,14.8
297,8.82,387,7.86,21.37,15
298,8.79,389,7.86,21.39,14.8
299,8.78,390,7.86,21.41,13.8
300,8.76,392,7.86,21.42,13.4
301,8.72,394,7.86,21.42,13.1
302,8.67,396,7.86,21.4,11.4
303,8.35,398,7.86,21.36,11.9
304,8.24,400,7.85,21.31,10.8
305,8.51,402,7.85,21.25,11.4
306,8.46,403,7.84,21.18,11.2
307,8.41,405,7.84,21.09,10.7
308,8.09,406,7.84,21,10.9
309,7.83,409,7.83,20.92,11.7
310,8.22,410,7.83,20.83,11.7
311,8.19,411,7.83,20.73,11.2
312,8.12,413,7.82,20.64,11.9
313,8.08,415,7.82,20.54,11.7
314,8.02,417,7.82,20.43,12
315,7.89,418,7.81,20.35,12
316,7.84,419,7.81,20.25,11.9
317,7.91,421,7.81,20.15,12.5
318,7.89,423,7.81,20.05,12.4
319,7.86,424,7.81,19.97,12.1
320,7.56,425,7.81,19.9,12
321,7.29,427,7.81,19.83,13.1
322,7.8,428,7.81,19.76,12.8
323,7.82,430,7.81,19.72,13.1
324,7.82,431,7.81,19.69,13
325,7.85,432,7.81,19.68,13.5
326,7.92,434,7.82,19.7,12.5
327,7.8,435,7.83,19.76,12.7
328,7.86,436,7.84,19.85,12.5
329,8.33,437,7.85,19.97,12.4
330,8.52,439,7.87,20.07,12.2
331,8.63,440,7.88,20.13,12.9
332,8.67,441,7.89,20.33,12.2
333,8.74,443,7.91,20.53,11.9
334,9.25,445,7.92,20.64,12.5
335,9.37,446,7.93,20.74,12.6
336,9.5,447,7.95,20.87,12
337,9.6,448,7.95,20.97,12.2
338,9.68,449,7.97,21.09,12.3
339,9.65,451,7.97,21.19,12.6
340,9.7,452,7.97,21.3,12.3
341,9.7,453,7.97,21.29,13.1
342,9.52,455,7.96,21.2,12.6
343,9.37,456,7.95,21.13,12.2
344,8.97,457,14,21.13,11.3
345,8.81,459,14,21.15,1.8
346,9.18,459,14,21.19,#DIV/0!
347,9.15,460,14,21.23,0.8
348,9.08,461,14,21.26,#DIV/0!
349,8.76,462,14,21.29,0
350,8.53,463,14,21.31,#DIV/0!
351,8.92,464,14,21.33,4.7
352,8.88,465,14,21.35,#DIV/0!
353,8.8,466,14,21.36,#DIV/0!
354,8.73,467,14,21.38,6.4
355,8.64,468,14,21.37,6.5
356,8.65,468,14,21.34,#DIV/0!
357,8.59,469,14,21.32,#DIV/0!
358,8.53,468,14,21.3,#DIV/0!
359,8.46,468,14,21.27,3.3
360,8.36,468,14,21.24,7.2
361,8.08,469,14,21.21,#DIV/0!
362,8.02,469,14,21.18,1.4
363,8.14,470,14,21.15,#DIV/0!
364,8.08,471,14,21.12,5.6
365,8,471,14,21.1,6.2
366,7.64,472,14,21.06,4.3
367,7.48,469,14,21.01,8.3
368,7.93,469,14,20.97,4.5
369,7.89,470,14,20.94,3.7
370,7.84,470,12.9,20.9,4.2
371,7.77,471,12.18,20.87,2.5
372,7.7,472,11.2,20.85,7.3
373,7.72,473,11.18,20.83,11.3
374,7.72,474,14,20.82,5.5
375,7.74,475,14,20.82,#DIV/0!
376,7.78,476,14,20.83,4.2
377,7.84,477,14,20.85,10.3
378,7.66,478,14,20.86,1.5
379,7.65,478,14,20.88,12.1
380,8.12,479,14,20.96,7.4
381,8.32,480,14,21.05,6.6
382,8.37,480,14,21.07,1.2
383,8.09,482,14,21.08,10.9
384,7.88,483,14,21.06,12.7
385,8.42,484,14,21.05,13
386,8.42,484,14,21.03,13.1
387,8.4,485,14,21.03,12.7
388,9.46,458,14,21.2,-0.4
389,7.72,548,6.74,20.31,13.1
390,7.57,545,7.8,20.49,3
391,8.02,543,7.82,20.73,9.1
392,8.2,542,7.95,20.97,10.6
393,8.44,541,9.05,21.32,5
394,8.58,540,8.84,21.51,8.9
395,8.69,539,8.73,21.77,9.8
396,8.02,537,8.5,21.82,8.1
397,7.67,536,8.12,21.83,8.9
398,8.52,535,8.07,21.67,8.6
399,8.45,532,8.17,21.53,6
400,8.29,530,8.15,21.39,5.2
401,8.08,529,8.06,21.28,6.2
402,7.97,526,8.02,21.15,3.7
403,8.01,524,7.99,21.11,11.8
404,7.98,522,7.99,21.11,8.1
405,7.94,519,8.18,21.13,11.4
406,7.93,517,8.07,21.14,5.3
407,7.92,514,8.15,21.17,8.5
408,7.44,511,8.16,21.19,2.9
409,7.31,508,8.16,21.23,5.4
410,7.89,505,8.41,21.27,7.2
411,7.9,502,8.28,21.29,6.5
412,7.85,500,8.17,21.3,5.6
413,7.8,497,8.17,21.3,6.3
414,7.75,495,8.27,21.3,4.5
415,7.78,492,8.12,21.28,1.7
416,7.74,491,8.15,21.23,2
417,7.69,489,8.09,21.19,9.2
418,7.65,488,8.01,21.16,5.1
419,9.46,537,7.91,22.46,8
420,9.4,536,7.92,22.4,8.5
421,9.2,536,7.92,22.29,8.7
422,8.55,537,7.9,22.11,8.9
423,8.17,537,7.89,22.05,8.7
424,8.49,537,7.89,22.02,9
425,8.37,537,7.88,22,8.4
426,8.22,537,7.87,21.99,7.7
427,8.11,538,7.86,21.98,7.2
428,7.97,538,7.85,21.96,6.8
429,7.76,538,7.85,21.94,6.7
430,7.66,538,7.84,21.92,6.7
431,7.81,538,7.84,21.91,6.4
432,7.8,538,7.83,21.9,6.8
433,7.74,538,7.83,21.91,7
434,7.37,538,7.83,21.92,7
435,7.13,538,7.83,21.94,6.5
436,7.68,538,7.83,21.94,7
437,7.7,538,7.84,21.95,7
438,7.66,538,7.83,21.95,7.3
439,7.64,539,7.83,21.96,7
440,7.58,538,7.83,21.96,7.4
441,7.37,539,7.82,21.96,7.6
442,7.32,538,7.82,21.94,7.3
443,7.43,538,7.82,21.92,6.8
444,7.4,538,7.82,21.88,7.3
445,7.32,539,7.81,21.85,7.6
446,7.19,539,7.81,21.81,7
447,7.06,539,7.8,21.78,7.8
448,7.13,539,7.79,21.73,8.3
449,7.07,539,7.79,21.7,8.1
450,7.01,539,7.78,21.67,9
451,6.96,538,7.78,21.64,8.1
452,6.94,539,7.78,21.63,9
453,6.78,539,7.77,21.63,8.4
454,6.8,539,7.78,21.67,8.7
455,7.11,538,7.78,21.72,8.7
456,7.31,538,7.79,21.79,8.6
457,7.46,538,7.8,21.86,8.9
458,7.62,538,7.81,21.93,8.3
459,7.8,538,7.82,22.02,8.3
460,8.03,537,7.84,22.1,8.9
461,8.19,537,7.85,22.18,10.9
462,8.35,537,7.86,22.26,8.9
463,8.54,536,7.88,22.37,9.4
464,8.68,537,7.89,22.5,10.4
465,8.7,537,7.89,22.62,9.5
466,8.78,536,7.9,22.71,9.8
467,8.96,536,7.9,22.79,9.5
468,8.96,536,7.9,22.82,9.6
469,8.87,536,7.9,22.8,9.8
470,8.52,536,7.88,22.74,9.4
471,8.36,537,7.87,22.69,11.9
472,8.36,537,7.86,22.65,12.9
473,8.17,537,7.84,22.6,11.6
474,7.99,537,7.83,22.55,8.9
475,7.79,537,7.82,22.5,27.5
476,7.59,537,7.81,22.43,11.9
477,7.54,537,7.8,22.37,14.5
478,7.43,537,7.79,22.32,12.2
479,7.34,537,7.78,22.28,10.9
480,7.27,537,7.77,22.23,7.2
481,7.21,537,7.77,22.21,7
482,7.16,537,7.77,22.17,6.6
483,7.14,537,7.77,22.16,7
484,7.13,537,7.77,22.14,6.8
485,7.14,538,7.76,22.12,6.6
486,7.12,537,7.76,22.11,6.8
487,6.91,538,7.76,22.09,7
488,6.88,538,7.76,22.08,7.1
489,7.06,538,7.76,22.06,7
490,7.03,538,7.76,22.04,7.3
491,7.01,538,7.76,22.01,7.3
492,6.89,539,7.76,21.98,7.2
493,6.82,539,7.76,21.95,7.6
494,6.89,539,7.76,21.91,8.1
495,6.84,539,7.75,21.88,8.3
496,6.8,539,7.75,21.85,9
497,6.75,539,7.74,21.82,8.4
498,6.71,539,7.74,21.8,9.6
499,6.64,539,7.74,21.79,9.2
500,6.71,539,7.74,21.85,9.4
501,6.88,540,7.74,21.92,9.1
502,7.06,539,7.76,22.01,9.4
503,7.24,539,7.76,22.11,9.9
504,7.16,539,7.77,22.25,10.1
505,7.38,539,7.79,22.51,9.9
506,7.95,539,7.8,22.67,10
507,8.21,539,7.82,22.88,9.8
508,8.56,539,7.84,23.13,9.8
509,8.49,538,7.85,23.34,9.3
510,8.68,538,7.87,23.6,9.4
511,9.22,538,7.88,23.9,9.3
512,9.34,538,7.89,24.13,10.1
513,9.27,538,7.88,24.21,9.3
514,8.86,539,7.88,24.09,9.4
515,8.49,541,7.86,23.66,8.5
516,7.82,541,8.09,23.42,8.4
517,7.59,540,8.09,23.32,9.8
518,7.96,540,8.11,23.3,10.1
519,7.95,540,8.13,23.3,9.5
520,7.91,540,8.13,23.3,8.6
521,7.48,539,8.16,23.31,7.4
522,7.47,540,8.21,23.31,6.9
523,7.79,540,10.88,23.3,6.9
524,7.73,540,9.92,23.27,6.5
525,7.66,541,8.17,23.23,6.4
526,7.46,541,8.23,23.18,6.8
527,7.41,540,14,23.12,7.1
528,7.42,541,14,23.05,7
529,7.36,542,8.1,22.98,6.7
530,7.28,542,8.09,22.9,7.1
531,7.18,542,8.08,22.82,11.1
532,7.11,542,8.08,22.74,6.9
533,7.07,542,8.07,22.67,7.1
534,7.01,542,8.06,22.59,7.2
535,6.94,542,8.07,22.51,7.5
536,6.88,542,8.06,22.45,7.6
537,6.82,542,8.06,22.38,7.8
538,6.77,542,8.06,22.3,8.3
539,6.74,542,8.05,22.23,7.9
540,6.7,542,8.05,22.15,8.6
541,6.67,542,8.05,22.08,7.4
542,6.64,542,8.04,22.01,8.4
543,6.47,542,8.04,21.95,8.9
544,6.47,541,8.04,21.89,8.9
545,6.58,542,8.04,21.86,8.6
546,6.6,542,8.04,21.84,9
547,6.59,541,8.04,21.84,9.7
548,6.45,541,8.05,21.85,8.7
549,6.54,541,8.05,21.96,9.5
550,6.97,541,8.06,22.09,9.4
551,7.16,541,8.07,22.17,9.2
552,7.27,541,8.08,22.23,9.3
553,7.21,541,8.09,22.38,9.4
554,7.47,541,8.12,22.65,8.9
555,8.07,541,8.12,22.87,9.2
556,8.23,540,8.13,22.96,9.7
557,8.44,541,8.15,23.17,9.7
558,8.32,541,8.15,23.4,9.1
559,8.45,541,8.16,23.54,9.2
560,8.8,541,8.16,23.68,8.9
561,8.91,541,8.16,23.81,9.2
562,8.81,542,8.16,23.79,9.2
563,8.43,542,8.14,23.6,8.8
564,8.21,543,8.13,23.42,8.2
565,7.97,543,8.1,23.23,8.9
566,7.79,543,8.09,23.11,9.2
567,7.66,543,8.08,23.02,8.3
568,7.5,544,8.07,22.97,8.1
569,7.47,544,8.07,22.93,7.5
570,7.45,544,8.06,22.89,6.9
571,7.41,545,8.06,22.85,6.6
572,7.37,545,8.05,22.82,7.2
573,7.23,545,8.03,22.8,6.5
574,7.25,545,8.04,22.78,6.5
575,7.3,545,8.04,22.77,6.6
576,7.29,546,8.04,22.78,6.7
577,7.27,546,8.03,22.77,6.8
578,7.07,546,8.04,22.77,6.5
579,7.08,547,8.04,22.77,6.7
580,7.18,547,8.04,22.76,7.3
581,7.15,547,8.04,22.74,6.7
582,7.11,547,8.04,22.72,7.3
583,6.84,548,8.04,22.7,7.1
584,6.78,548,8.04,22.67,7
585,6.94,548,8.02,22.63,6.7
586,6.89,548,8.02,22.59,6.8
587,6.82,548,8.02,22.54,6.8
588,6.51,548,8.02,22.49,6.7
589,6.42,548,8.02,22.45,6.7
590,6.65,547,8.01,22.39,7.4
591,6.59,547,8.01,22.35,8.2
592,6.55,547,8,22.31,8.1
593,6.27,546,8,22.28,8.6
594,6.2,545,8,22.28,8.2
595,6.56,544,8,22.31,7.8
596,6.63,543,8.01,22.37,8.4
597,6.7,542,8.01,22.44,8.4
598,6.56,541,8.02,22.52,8.2
599,6.6,540,8.03,22.72,8.6
600,7.22,538,8.05,22.84,7.8
601,7.52,537,8.05,23.1,8.6
602,7.82,535,8.07,23.32,9.2
603,7.75,533,8.09,23.64,9.2
604,7.96,532,8.11,23.97,8.8
605,8.77,530,8.12,24.34,9.1
606,8.98,529,8.14,24.57,8.6
607,9.1,527,8.15,24.78,9.2
608,8.89,525,8.15,24.93,9.2
609,8.88,523,8.14,24.95,9.6
610,8.98,522,8.14,24.92,10.1
611,8.72,521,8.13,24.74,9.3
612,8.34,520,8.1,24.5,9.7
613,7.96,519,8.08,24.27,9.5
614,7.65,517,8.05,24.08,9.5
615,7.45,516,8.03,23.98,9.5
616,7.33,515,8.01,23.94,9
617,7.21,513,7.99,23.9,8.3
618,7.14,512,7.98,23.86,8.3
619,7.08,511,7.98,23.82,8.3
620,7,510,7.97,23.76,7.8
621,6.81,509,7.96,23.72,7.6
622,6.69,508,7.96,23.68,7.4
623,6.86,506,7.96,23.64,6.8
624,6.85,505,7.95,23.61,7.3
625,6.81,504,7.95,23.6,7.6
626,6.5,504,7.95,23.58,7
627,6.35,503,7.95,23.56,7.3
628,6.75,501,7.95,23.56,8.3
629,6.75,500,7.95,23.54,8.1
630,6.71,499,7.95,23.53,9.2
631,6.32,498,7.96,23.5,7.8
632,6.19,496,7.95,23.47,8.1
633,6.61,496,7.95,23.43,7.7
634,6.59,495,7.95,23.38,7.5
635,6.51,493,7.95,23.33,8
636,6.1,492,7.94,23.3,8.3
637,6.05,488,7.95,23.23,9
638,6.53,484,7.94,23.17,8.4
639,6.48,483,7.93,23.14,9.5
640,6.49,478,7.93,23.07,9.4
641,6.14,476,7.92,23.03,9.7
642,5.98,475,7.91,23.01,10.2
643,6.33,473,7.91,22.99,10.3
644,6.33,471,7.9,22.98,10.1
645,6.27,470,7.89,22.99,10.2
646,6.11,467,7.89,23.01,10.4
647,6.16,466,7.89,23.04,11
648,6.45,465,7.89,23.05,10.4
649,6.53,464,7.9,23.06,10.3
650,6.58,463,7.91,23.04,10.1
651,6.46,461,7.9,23,10.6
652,6.49,460,7.91,22.98,11
653,6.63,458,7.91,22.93,12.4
654,6.67,456,7.91,22.89,10.1
655,6.67,453,7.91,22.8,11.1
656,6.59,450,7.91,22.71,10.7
657,6.55,447,7.91,22.63,10.9
658,6.51,445,7.91,22.53,11
659,6.45,442,7.9,22.44,11.5
660,6.39,441,7.9,22.38,11.4
661,6.32,439,7.89,22.29,12.4
662,6.28,437,7.89,22.2,12
663,6.22,437,7.88,22.12,11.6
664,6.18,435,7.88,22.05,10.2
665,6.12,434,7.87,21.96,10.1
666,5.99,434,7.87,21.89,10.7
667,5.99,433,7.86,21.81,9.8
668,6.03,432,7.86,21.75,10.4
669,6.04,432,7.86,21.66,9.9
670,6.01,431,7.86,21.58,9.8
671,5.71,431,7.86,21.5,9.7
672,5.64,431,7.86,21.4,9.2
673,6.01,430,7.86,21.32,9.4
674,6.05,429,7.86,21.2,9.6
675,6.03,428,7.86,21.09,9.7
676,5.65,427,7.86,20.97,9.7
677,5.54,426,7.87,20.86,9.4
678,6.01,425,7.88,20.72,9.2
679,6.03,425,7.87,20.6,9.6
680,6.02,426,7.87,20.48,9.5
681,5.98,427,7.89,20.36,10.3
682,5.97,430,7.88,20.25,10
683,6.07,433,7.88,20.17,10.1
684,6.11,435,7.9,20.08,10.3
685,6.13,439,7.91,20.01,10.8
686,6.21,443,7.92,19.91,10.9
687,6.25,446,7.93,19.83,11.4
688,6.17,450,7.95,19.76,11.9
689,6.14,453,7.96,19.71,12.4
690,6.46,456,7.97,19.67,12.4
691,6.56,459,7.99,19.64,12.8
692,6.66,462,8,19.64,13.5
693,6.51,465,8.01,19.67,12.1
694,6.44,468,8.03,19.7,12.2
695,7.02,472,8.04,19.87,13.1
696,7.15,475,8.04,20.01,13.8
697,7.27,479,8.06,20.15,13.9
698,7.38,483,8.07,20.27,13.8
699,7.44,486,8.05,20.35,13.9
700,7.52,490,8.06,20.45,14.3
701,7.61,492,8.07,20.58,15.8
702,7.65,495,8.07,20.62,14.2
703,7.68,497,8.07,20.62,13.8
704,7.69,499,8.07,20.65,14.2
705,7.63,500,8.07,20.74,14.5
706,7.59,502,8.08,20.67,14
707,7.64,504,8.07,20.6,14.2
708,7.61,505,8.07,20.54,14.2
709,7.59,506,8.07,20.53,14.2
710,7.26,507,8.07,20.51,13.9
711,7.02,507,8.07,20.46,13.2
712,7.5,507,8.07,20.39,12.3
713,7.48,506,8.07,20.31,10.9
714,7.44,506,8.07,20.23,10.1
715,7.21,505,8.07,20.14,10.4
716,7.04,503,8.07,20.04,9.7
717,7.34,502,8.07,19.94,9.6
718,7.31,501,8.07,19.83,8.7
719,7.26,499,8.07,19.72,8.7
720,7.24,497,8.07,19.6,8.7
721,7.2,497,8.07,19.48,9.2
722,7.04,495,8.07,19.36,8.7
723,6.97,495,8.07,19.24,9
724,7.13,494,8.07,19.12,8.2
725,7.13,493,8.07,19,8.4
726,7.11,493,8.06,18.88,8.7
727,6.87,493,8.06,18.78,8.3
728,6.74,492,8.06,18.68,8.5
729,7.06,493,8.04,18.59,8.3
730,7.09,493,8.03,18.49,8.4
731,7.07,493,8.03,18.4,7.9
732,7.08,494,8.04,18.3,8.1
733,7.05,494,8.05,18.22,7.9
734,6.9,494,8.04,18.13,8.3
735,6.76,494,8.05,18.04,8.9
736,7.08,494,8.05,17.95,9.2
737,7.1,493,8.05,17.87,9
738,7.12,493,8.05,17.81,9
739,7.08,491,8.04,17.78,8.6
740,7.08,490,8.04,17.76,8.7
741,7.24,488,8.04,17.78,8.3
742,7.35,486,8.04,17.82,7.5
743,7.48,483,8.05,17.91,7.6
744,7.66,481,8.06,18.1,7.4
745,7.81,479,8.07,18.31,7.6
746,7.67,477,8.08,18.56,8.2
747,7.51,473,8.07,18.76,7.9
748,8.24,471,8.08,18.98,8.5
749,8.34,468,8.08,19.12,8.4
750,8.36,464,8.08,19.2,8.6
751,8.29,461,8.08,19.25,8.5
752,8.22,458,8.07,19.29,9.7
753,8.28,454,8.06,19.23,8.6
754,8.22,450,8.06,19.15,8.6
755,8.11,447,8.04,19.06,8.5
756,8.02,442,8.04,18.99,9
757,7.99,437,8.03,19.01,9
758,7.8,432,8.03,19.03,8.9
759,7.73,428,8.03,19.05,8.9
760,7.97,424,8.03,19.07,8.1
761,7.98,419,8.02,19.07,7.4
762,7.96,414,8,19.08,7.6
763,7.76,410,8.01,19.07,7
764,7.52,405,8.01,19.06,6.8
765,7.9,401,8.01,19.02,6.7
766,7.88,397,8.01,18.98,6.6
767,7.86,394,8,18.91,6.3
768,7.81,391,8,18.84,6.5
769,7.76,389,7.99,18.77,6.1
770,7.62,387,7.99,18.68,5.9
771,7.58,385,7.99,18.59,6.2
772,7.67,384,7.99,18.49,5.9
773,7.63,383,7.98,18.41,6.1
774,7.58,383,7.98,18.31,5.8
775,7.42,382,7.98,18.21,5.7
776,7.22,382,7.97,18.12,5.4
777,7.49,382,7.97,18.03,5.6
778,7.49,383,7.95,17.93,5.4
779,7.46,384,7.94,17.82,5.6
780,7.44,384,7.96,17.73,5.5
781,7.42,385,7.96,17.64,5.6
782,7.19,386,7.97,17.55,5.7
783,7.06,387,7.94,17.47,6.4
784,7.4,389,7.96,17.4,6
785,7.42,390,7.96,17.35,6.4
786,7.43,391,7.97,17.32,6.3
787,7.47,392,7.97,17.34,6.5
788,7.52,393,7.97,17.36,6.3
789,7.58,394,7.98,17.43,5.7
790,7.7,396,7.99,17.52,6
791,7.86,396,8,17.66,5.7
792,8.11,397,8.02,17.92,6.2
793,8.29,398,8.03,18.14,6
794,8.24,399,8.05,18.4,6.2
795,8.2,400,8.07,18.68,6.5
796,8.84,400,8.08,18.81,6.4
797,8.89,401,8.09,18.86,6.9
798,8.89,402,8.08,18.87,6.7
799,8.89,402,8.08,18.81,7.5
800,8.85,403,8.09,18.77,7.2
801,8.81,403,8.08,18.71,7.4
802,8.74,404,8.07,18.65,7.3
803,8.76,405,8.07,18.68,7.8
804,8.68,406,8.07,18.63,7.8
805,8.56,406,8.06,18.6,8.8
806,8.28,406,8.05,18.6,8.1
807,8.05,407,8.05,18.63,8.6
808,8.42,408,8.05,18.64,7.5
809,8.4,408,8.04,18.67,7.3
810,8.36,409,8.04,18.69,7.2
811,8.35,410,8.04,18.72,7.1
812,8.3,410,8.04,18.74,6.5
813,8.31,411,8.04,18.78,8.2
814,8.29,412,8.04,18.79,6.5
815,8.29,413,8.04,18.82,6.5
816,8.27,413,8.04,18.84,6.4
817,8.23,414,8.04,18.85,6.5
818,7.96,415,8.04,18.86,6.5
819,7.74,416,8.04,18.85,6.3
820,8.1,417,8.04,18.82,6.4
821,8.04,418,8.03,18.79,6.4
822,7.99,419,8.03,18.75,6.4
823,7.91,420,8.02,18.72,6.1
824,7.85,421,8.02,18.68,6
825,7.8,422,8.02,18.64,6.1
826,7.76,423,8.02,18.59,6.6
827,7.71,424,8.01,18.54,6.7
828,7.66,425,8.01,18.49,6.4
829,7.62,426,8,18.45,6.3
830,7.37,427,8,18.39,6.6
831,7.17,428,8,18.34,7
832,7.51,429,8,18.3,7.4
833,7.51,430,8,18.27,7.8
834,7.51,431,8,18.27,7.7
835,7.57,432,8,18.29,7.8
836,7.67,433,8.01,18.35,7.8
837,7.74,434,8.02,18.49,7.2
838,7.86,435,8.03,18.5,7
839,8.09,436,8.04,18.64,7.5
840,8.32,438,8.06,18.81,7.3
841,10.19,448,6.37,19.33,8
842,10.23,448,7.83,19.37,8.9
843,10.32,448,7.93,19.47,8.9
844,9.97,449,7.96,19.54,9.8
845,9.7,451,7.96,19.65,9.8
846,10.45,452,7.99,19.73,10
847,10.5,453,7.99,19.77,11.1
848,10.43,454,7.98,19.76,10.1
849,10.29,456,7.97,19.67,10.8
850,10.18,457,7.98,19.62,10.4
851,10.06,458,7.96,19.53,10.3
852,9.98,459,7.95,19.48,10.3
853,9.9,461,7.94,19.42,11.1
854,9.83,463,7.94,19.35,10.7
855,9.77,463,7.95,19.32,9.4
856,9.4,465,7.94,19.26,9
857,9.13,466,7.94,19.23,8.1
858,9.63,467,7.94,19.2,8.4
859,9.63,468,7.94,19.17,7.5
860,9.59,470,7.94,19.14,7.2
861,9.57,471,7.96,19.11,7.2
862,9.55,473,7.95,19.09,7
863,9.42,474,7.93,19.05,6.9
864,9.41,475,7.95,19.01,7.5
865,9.47,476,7.96,18.97,7
866,9.44,477,7.97,18.91,7.3
867,9.38,478,7.97,18.86,7.1
868,9.14,479,7.95,18.8,7.1
869,8.95,480,7.95,18.73,7.1
870,9.2,481,7.95,18.68,7.1
871,9.17,482,7.96,18.61,7
872,9.09,483,7.95,18.55,6.7
873,9.03,484,7.96,18.48,6.7
874,8.96,485,7.95,18.43,6.5
875,8.64,486,7.96,18.37,6.7
876,8.4,487,7.94,18.3,7
877,8.8,488,7.96,18.24,7.5
878,8.77,488,7.94,18.18,7.6
879,8.75,489,7.95,18.12,7.6
880,8.74,490,7.96,18.08,8.6
881,8.73,490,7.96,18.07,8.2
882,8.73,491,7.95,18.09,8.1
883,8.85,492,7.96,18.12,8.3
884,9.02,493,7.96,18.17,7.9
885,9.19,493,7.97,18.31,7.6
886,9.36,494,8,18.44,8.1
887,9.34,494,8.01,18.65,8.3
888,9.35,495,8.04,18.85,7.6
889,10.15,495,8.05,19.12,7.6
890,10.42,495,8.06,19.43,7.5
891,10.64,496,8.07,19.68,8.2
892,10.71,497,8.06,19.79,8.3
893,10.67,497,8.05,19.83,8.4
894,10.59,498,8.05,19.82,8.5
895,10.52,499,8.04,19.78,8.9
896,10.41,500,8.03,19.7,8.9
897,10.48,500,8.05,19.77,8.7
898,10.39,501,8.03,19.73,10
899,10.01,501,8.02,19.68,9.4
900,9.74,501,8.02,19.61,10
901,9.9,502,8.01,19.54,9.7
902,9.78,503,7.99,19.44,9.4
903,9.67,503,7.99,19.34,9.1
904,9.36,504,7.98,19.26,8.3
905,9.07,504,7.98,19.18,7.5
906,9.5,504,7.98,19.11,7.1
907,9.47,505,8,19.07,7
908,9.46,504,8,19.04,6.8
909,9.45,505,7.99,19.01,6.8
910,9.43,505,7.99,18.99,6.6
911,9.34,505,8,18.98,7
912,9.37,505,8.01,18.98,6.4
913,9.41,506,8,18.96,6.4
914,9.41,506,8,18.94,6.8
915,9.36,507,8.02,18.89,6.4
916,9.02,506,8.02,18.85,6.2
917,8.72,506,8,18.78,6.8
918,9.22,507,8.02,18.71,6.3
919,9.17,507,8.02,18.64,6.2
920,9.12,507,8,18.57,6.5
921,9.04,508,8.01,18.5,6.4
922,8.93,508,8.01,18.43,6.5
923,8.92,508,8.01,18.36,6.9
924,8.87,508,8.01,18.29,7.6
925,8.82,509,8.01,18.21,7.4
926,8.77,509,8.01,18.14,9.4
927,8.73,509,8.01,18.08,8.3
928,8.44,509,8,18.03,8.3
929,8.24,510,8.01,18,8.7
930,8.74,510,8.01,18,8.1
931,8.83,510,8.01,18.03,7.9
932,8.92,510,8.02,18.1,7.9
933,8.89,510,8.03,18.17,8.3
934,8.92,510,8.04,18.33,7.4
935,9.51,510,8.06,18.56,8.6
936,9.81,511,8.07,18.7,7.9
937,10.14,511,8.09,19.03,7.3
938,10.38,510,8.11,19.2,7.9
939,10.68,511,8.12,19.49,8.4
940,10.81,511,8.13,19.69,8.1
941,10.87,511,8.13,19.79,8.1
942,11.02,511,8.15,19.93,8.6
943,11.02,511,8.14,19.96,9.2
944,10.92,512,8.14,19.91,8.7
945,10.68,512,8.14,19.82,8.6
946,10.57,513,8.13,19.77,9.5
947,10.56,512,8.12,19.73,9.2
948,10.43,514,8.11,19.68,9.5
949,10.27,514,8.1,19.62,9.8
950,9.84,514,8.09,19.58,9.6
951,9.6,515,8.08,19.53,9.2
952,9.82,515,8.07,19.47,8.3
953,9.71,515,8.06,19.4,7.1
954,9.6,515,8.06,19.35,7.3
955,9.27,516,8.06,19.32,7.3
956,8.99,516,8.05,19.28,7.5
957,9.44,516,8.05,19.25,6.7
958,9.45,516,8.05,19.23,6.8
959,9.42,516,8.04,19.22,6.8
960,9.4,517,8.05,19.23,6.7
961,9.38,517,8.05,19.23,7.1
962,9.4,517,8.05,19.22,6.8
963,9.38,517,8.06,19.22,7
964,9.36,517,8.06,19.22,7.4
965,9.33,517,8.06,19.22,6.8
966,9.28,518,8.05,19.2,7
967,9.04,518,8.05,19.18,7.2
968,8.94,518,8.05,19.17,7.7
969,9.1,518,8.04,19.15,7.5
970,9.04,518,8.04,19.14,7.5
971,8.95,518,8.04,19.11,7.9
972,8.6,518,8.03,19.09,7.5
973,8.31,518,8.03,19.07,7.8
974,8.74,519,8.02,19.05,8.2
975,8.68,519,8.02,19.03,11.9
976,8.64,519,8.01,19.03,10.6
977,8.57,519,8.01,19.04,10.1
978,8.54,519,8.02,19.07,9.2
979,8.77,519,8.02,19.12,8.9
980,8.92,519,8.03,19.19,9
981,9.09,519,8.04,19.28,8.7
982,9.32,519,8.05,19.42,8.7
983,9.73,519,8.07,19.68,8.6
984,9.89,518,8.09,19.86,9.5
985,10.2,518,8.1,20.07,8.5
986,10.51,518,8.12,20.18,9
987,10.76,518,8.13,20.38,9.1
988,11.1,518,8.15,20.69,8.9
989,11.14,518,8.16,20.94,10.1
990,11.25,518,8.17,21.14,9.8
991,11.51,518,8.16,21.24,9.4
992,11.52,518,8.17,21.32,9.9
993,11.3,518,8.16,21.22,9.6
994,10.87,519,8.14,21.1,9.3
995,10.57,519,8.12,20.95,10
996,10.36,520,8.1,20.8,10.4
997,10.16,520,8.08,20.71,10.1
998,9.98,520,8.07,20.68,9.9
999,9.66,520,8.06,20.65,8.6
1000,9.55,521,8.06,20.62,8.4
1001,9.58,521,8.05,20.58,8
1002,9.49,521,8.04,20.53,7.6
1003,9.4,522,8.04,20.48,7
1004,9.1,522,8.03,20.44,6.8
1005,9.05,522,8.03,20.39,7
1006,9.24,522,8.03,20.36,6.7
1007,9.24,522,8.03,20.32,6.5
1008,9.2,522,8.02,20.29,6.9
1009,8.89,522,8.03,20.25,6.7
1010,8.73,522,8.03,20.22,6.4
1011,9.15,522,8.03,20.19,6.5
1012,9.13,522,8.03,20.16,6.5
1013,9.09,522,8.03,20.12,6.4
1014,8.69,523,8.01,20.07,6.5
1015,8.45,523,8.02,20.01,6.4
1016,8.94,522,8.03,19.95,6.2
1017,8.9,523,8.03,19.86,6.5
1018,8.83,523,8.03,19.79,6.5
1019,8.4,523,8.02,19.69,6.4
1020,8.13,523,8.02,19.61,8.6
1021,8.6,523,8.01,19.5,9.6
1022,8.54,523,8.01,19.41,9.3
1023,8.47,523,8.01,19.33,10.2
1024,8.22,523,8.01,19.25,9.9
1025,8.02,523,8.01,19.19,8.5
1026,8.48,523,8.01,19.16,8.4
1027,8.55,524,8.01,19.18,8.5
1028,8.63,523,8.02,19.23,7.9
1029,8.69,524,8.03,19.31,7.3
1030,8.84,523,8.04,19.44,7.4
1031,9.26,523,8.06,19.66,7.8
1032,9.53,523,8.07,19.85,8
1033,9.87,523,8.08,20.01,7.6
1034,10.22,522,8.11,20.32,7.8
1035,10.68,521,8.13,20.61,8.6
1036,11.12,521,8.15,20.94,8.1
1037,11.49,521,8.17,21.26,8.6
1038,11.65,521,8.18,21.47,8.8
1039,11.65,521,8.18,21.61,8.3
1040,11.62,521,8.18,21.64,8.4
1041,11.6,521,8.18,21.57,9.3
1042,11.28,521,8.16,21.32,8.9
1043,10.93,521,8.12,21.15,8.9
1044,10.34,522,8.11,20.87,8.7
1045,9.95,522,8.07,20.7,8.9
1046,9.8,523,8.05,20.57,8.8
1047,9.69,523,8.06,20.54,8.6
1048,9.53,523,8.05,20.49,8.7
1049,9.27,523,8.02,20.44,7.8
1050,9.1,524,8.03,20.39,7.8
1051,9.23,523,8.01,20.35,7.1
1052,9.19,523,8,20.3,6.9
1053,9.11,523,8.02,20.26,7
1054,8.98,524,8.02,20.23,7.2
1055,8.88,523,8,20.2,6.9
1056,9.04,523,8.02,20.17,6.7
1057,9.07,524,8.03,20.16,6.5
1058,9.04,523,8.03,20.16,6.7
1059,9.03,523,8.01,20.16,6.5
1060,8.95,524,8.02,20.15,6.1
1061,8.98,523,8.03,20.17,7.2
1062,8.97,524,8.01,20.16,6.5
1063,8.92,523,8.01,20.15,6.8
1064,8.89,524,8,20.13,6.7
1065,8.81,524,8.02,20.11,6.9
1066,8.74,524,8,20.08,7.2
1067,8.68,524,8.02,20.03,9
1068,8.63,524,8.01,19.99,8.5
1069,8.56,524,8.01,19.95,8.2
1070,8.47,524,8.01,19.9,8.9
1071,8.3,525,8.01,19.87,8.9
1072,8.27,525,8,19.84,8.5
1073,8.34,525,8,19.84,9.1
1074,8.39,525,8,19.82,9.1
1075,8.43,525,8.01,19.84,8.6
1076,8.39,525,8.02,19.88,9
1077,8.54,525,8.02,19.95,9.5
1078,9.09,525,8.04,20.05,8.9
1079,9.41,524,8.06,20.19,9.5
1080,9.65,524,8.07,20.27,9.2
1081,9.7,524,8.09,20.31,8.9
1082,9.97,524,8.11,20.37,9.4
1083,10.45,523,8.13,20.49,11.3
1084,10.63,523,8.14,20.58,9.2
1085,10.74,523,8.15,20.65,9.4
1086,10.73,523,8.16,20.72,9.1
1087,10.85,523,8.16,20.76,9.4
1088,10.96,523,8.16,20.79,9
